<?xml version="1.0" encoding="UTF-8"?>
<configuration>
	<appender name="STDOUT"
		class="ch.qos.logback.core.ConsoleAppender">
		<encoder>
			<pattern>%d{HH:mm:ss.SSS} [%thread] %-5level %logger{36} - %msg%n
			</pattern>
		</encoder>
	</appender>
	<appender name="FILE" class="ch.qos.logback.core.FileAppender">
	    <file>d:/xworkz-logs/log.log</file>
		<encoder class="ch.qos.logback.classic.encoder.PatternLayoutEncoder">
	    	<Pattern>
	     	 %d{dd-MM-yyyy HH:mm:ss.SSS} [%thread] %-5level %logger{36}.%M - %msg%n
	   	 	</Pattern>
	 	</encoder>
 	</appender>
	<root level="INFO">
		<appender-ref ref="STDOUT" />
		<appender-ref ref="FILE" />
	</root>
</configuration>